{
  "ca": {
    "0": [-122.38258084964485, 37.251275096345125],
    "1": [-122.55813119728907, 41.907813753700566],
    "2": [-120.81550802707727, 39.20900397872299],
    "3": [-120.58003494827614, 35.121790824650475],
    "4": [-124.0634773678691, 40.842763882437055],
    "5": [-122.239259510284, 40.6363969473407],
    "6": [-121.9117753732923, 41.01967096966246],
    "7": [-119.2475015190945, 37.204825236000545],
    "8": [-116.29704225284087, 32.66863520137497],
    "9": [-121.40975674282157, 39.23963975055045],
    "10": [-121.22102875665615, 39.4840428241294],
    "11": [-122.7202275553708, 38.82112320224172],
    "12": [-120.86048886242412, 39.10697282679803],
    "13": [-121.01527686530886, 38.88908585734458],
    "14": [-120.63966732214192, 37.97972877229773],
    "15": [-120.52463788586209, 35.51878251257597],
    "16": [-116.78101416979797, 32.64399522849652],
    "17": [-119.11791441825397, 36.73758091797578],
    "18": [-122.54014398169198, 39.605505373940844],
    "19": [-117.15703100879762, 33.917166098395285],
    "20": [-121.81787994322974, 37.17923906312359],
    "21": [-119.5096079541043, 37.23028057658604],
    "22": [-122.07454509387298, 37.04967292165804],
    "23": [-120.76012641882994, 38.505739804814596],
    "24": [-121.27597174302923, 39.51891982511694],
    "25": [-116.9205355216647, 34.08840448875452],
    "26": [-121.68181799239926, 39.87452180685665],
    "27": [-123.32139582214597, 41.258775720333006],
    "28": [-120.85608389472264, 38.855543848021625],
    "29": [-120.58391796910342, 38.35230505192777],
    "30": [-122.90684189049779, 41.54852784696658],
    "31": [-120.91694687900315, 38.9052118489862],
    "32": [-120.52506514731976, 38.63968813794003],
    "33": [-117.10895118803893, 33.743738681997854],
    "34": [-116.18980137592399, 32.618022888953476],
    "35": [-122.83540357602533, 38.98133299157638],
    "36": [-120.46112406721068, 37.66168715820805],
    "37": [-122.69724380957314, 38.014202444119235],
    "38": [-118.47399136925344, 35.63019089156967],
    "39": [-117.8203291390181, 34.50572282664842],
    "40": [-122.30882243205104, 37.269674366108234],
    "41": [-120.13620766667339, 38.09176023983218],
    "42": [-116.95271300078144, 34.442727026746184],
    "43": [-120.47661019114497, 41.051313758155004],
    "44": [-121.06035811940558, 39.936598320301925],
    "45": [-121.02220285071479, 38.99846684884142],
    "46": [-122.02619343561474, 40.68492368997374],
    "47": [-119.2496725076328, 36.740166551305094],
    "48": [-121.27547776490496, 39.35743283890923],
    "49": [-123.78635559538259, 40.20882676467107],
    "50": [-123.44040051987793, 39.0659405997784],
    "51": [-119.9964617127236, 38.19209574175977],
    "52": [-116.5292272014388, 32.82190719384539],
    "53": [-121.50251826559423, 38.8241405814037],
    "54": [-116.61025120235468, 32.604912224390546],
    "55": [-117.20174998997823, 34.058565084634154],
    "56": [-120.95204089769868, 38.71212286803592],
    "57": [-121.53827736449705, 38.961324445774096],
    "58": [-121.17952271609562, 39.19836043603118],
    "59": [-121.94042246074787, 40.80323177937345],
    "60": [-120.68460794811381, 38.64737185251141],
    "61": [-121.52916318534454, 39.902251960980266],
    "62": [-116.14279420828859, 33.64252907486326],
    "63": [-119.40121934177256, 37.01585090921054],
    "64": [-117.59807067894639, 33.654235461303415],
    "65": [-120.98033288411312, 38.19814412508373],
    "66": [-118.32701431323159, 35.6561121811128],
    "67": [-123.92412823475206, 40.32487898115761],
    "68": [-121.91380251808084, 40.629136839018656],
    "69": [-114.6355982595864, 32.73830454085015],
    "70": [-122.64440968673847, 38.01268304099659],
    "71": [-119.58797123106598, 37.74861785286481],
    "72": [-123.62949062479277, 40.94108840728444],
    "73": [-123.23374980144871, 38.9067212573172],
    "74": [-122.80097250837048, 40.70230640661339],
    "75": [-124.12363939798405, 40.24352154899219],
    "76": [-121.45999925836855, 40.65066725148523],
    "77": [-123.49140631459045, 40.2053109532182],
    "78": [-124.0970451844837, 40.547256356854064],
    "79": [-121.28256737426898, 39.45169562209628],
    "80": [-122.16588581664791, 37.83040003294616],
    "81": [-116.52887008164765, 33.82798723603372],
    "82": [-116.86553237383345, 33.314525661830714],
    "83": [-121.33549802314513, 39.44100457836288],
    "84": [-117.16414970357823, 33.74344528303993],
    "85": [-116.67353515538144, 33.11005816735644],
    "86": [-121.29657949299724, 39.20619068393569],
    "87": [-118.83362181140359, 35.70460601749585],
    "88": [-120.43249149433848, 37.87205985788154],
    "89": [-116.67504312100414, 33.558661113535095],
    "90": [-118.88379963736736, 34.28515140511581],
    "91": [-117.65870982051894, 34.23672757289927],
    "92": [-119.63376898516157, 34.437464665296034],
    "93": [-117.4953506999392, 34.24610229996807],
    "94": [-116.62806920128537, 32.57896922859743],
    "95": [-116.98058647052983, 34.14961893240951],
    "96": [-120.89039789571103, 38.80016585539926],
    "97": [-121.07201580063747, 40.172125340769696],
    "98": [-121.20800221500974, 39.3720842180532],
    "99": [-120.6187446305077, 39.76919277681179],
    "100": [-117.20971239934084, 34.24570352913537],
    "101": [-117.17901172126352, 34.23595697706713],
    "102": [-116.22759573003196, 35.84848649123086],
    "103": [-114.13989752181419, 34.28479288532469],
    "104": [-117.64229897887776, 34.43846018508617],
    "105": [-120.96721374246681, 39.14588689548759],
    "106": [-123.50834338018916, 40.452487647626185],
    "107": [-120.36826303818816, 40.167927974109546],
    "108": [-120.22857095090501, 39.19965977040414],
    "109": [-120.36712871006495, 40.797358647090846],
    "110": [-121.7703650495535, 36.23682714271138],
    "111": [-119.51005614681196, 38.570785771380315],
    "112": [-119.1738383546255, 37.2521118713438],
    "113": [-121.07163483084639, 35.93706024838502],
    "114": [-120.18192009785241, 38.06498086695706],
    "115": [-119.69517121527463, 37.128127590286226],
    "116": [-120.63703145027097, 37.04928535290861],
    "117": [-118.73138149593728, 36.60475690464028],
    "118": [-119.31754307002745, 37.09564118096165],
    "119": [-120.3689767486037, 38.20442371778228],
    "120": [-122.14478271043066, 38.736986956539],
    "121": [-122.95866862687569, 38.42490604348171],
    "122": [-121.24176743474897, 38.29413764368468],
    "123": [-122.99775961535664, 38.47738404235861],
    "124": [-122.42764668290823, 38.61553698797752],
    "125": [-118.91952647897858, 36.47090593088973],
    "126": [-122.38077244860602, 40.01510294934678],
    "127": [-123.10861667143462, 39.32215807333898]
  },
  "nystate": {
    "0": [-77.59002502542188, 42.56757289121816],
    "1": [-77.13971182299588, 42.027371486848324],
    "2": [-73.59376283787486, 43.08795517582706],
    "3": [-73.91815742591302, 43.09016328832365],
    "4": [-78.26861121916028, 41.99978793168282],
    "5": [-77.78980023865347, 42.25659459586751],
    "6": [-76.57849721865864, 43.320585418174346],
    "7": [-76.23643264418962, 43.45970431170838],
    "8": [-74.39581186787996, 42.12050210337043],
    "9": [-74.4447153219707, 42.103060491939175],
    "10": [-75.16916790417952, 44.59532706619564],
    "11": [-75.138607351102, 44.248433422984135],
    "12": [-76.87580651090548, 42.50640751214644],
    "13": [-77.10554046159058, 42.47009614241114],
    "14": [-73.93146237380904, 43.77118216434991],
    "15": [-73.3890515111093, 44.35713403948205],
    "16": [-73.08563884595526, 40.73537770760373],
    "17": [-73.19381355620402, 40.79312828668077],
    "18": [-74.43645320219179, 43.85427316942935],
    "19": [-74.3645702512618, 43.50285222934974],
    "20": [-73.71561302310243, 41.729562940435585],
    "21": [-73.93044852172727, 41.58059557295849],
    "22": [-75.17247606667439, 42.39688046439977],
    "23": [-75.3168133841587, 42.32434652076233],
    "24": [-76.38571666999957, 42.48532349551249],